mould_position,datetime,mould_mass_g,mould_polymer_mass_g,polymer_mass_g
A1,2023-03-15 14:10:42,3.21,6.13,2.92
A2,2023-03-15 14:17:11,3.34,6.72,3.38
A3,2023-03-15 14:24:23,3.21,6.61,3.4000000000000004
A4,2023-03-15 14:31:31,3.24,6.1,2.859999999999999
A5,2023-03-15 14:40:45,3.26,6.65,3.390000000000001
A6,2023-03-15 14:48:12,3.17,6.36,3.1900000000000004
B1,2023-03-15 14:55:09,3.21,6.4,3.1900000000000004
B2,2023-03-15 15:03:39,3.36,6.46,3.1
A1,2023-03-16 13:22:48,3.21,5.87,2.66
A2,2023-03-16 13:23:00,3.34,6.48,3.14
A3,2023-03-16 13:23:11,3.21,6.3,3.09
A4,2023-03-16 13:23:20,3.24,5.9,2.66
A5,2023-03-16 13:23:29,3.26,6.35,3.09
A6,2023-03-16 13:23:41,3.17,6.07,2.9
B1,2023-03-16 13:23:51,3.21,6.21,3.0
B2,2023-03-16 13:24:03,3.36,6.17,2.81
A1,2023-03-17 09:28:03,3.21,5.82,2.61
A2,2023-03-17 09:28:17,3.34,6.38,3.04
A3,2023-03-17 09:28:26,3.21,6.24,3.03
A4,2023-03-17 09:28:35,3.24,5.85,2.61
A5,2023-03-17 09:28:43,3.26,6.29,3.03
A6,2023-03-17 09:28:53,3.17,6.01,2.84
B1,2023-03-17 09:29:02,3.21,6.14,2.93
B2,2023-03-17 09:29:12,3.36,6.11,2.75
A1,2023-03-17 16:34:46,3.21,5.79,2.58
A2,2023-03-17 16:35:00,3.34,6.36,3.02
A3,2023-03-17 16:35:08,3.21,6.22,3.01
A4,2023-03-17 16:35:18,3.24,5.83,2.59
A5,2023-03-17 16:35:27,3.26,6.28,3.02
A6,2023-03-17 16:35:36,3.17,6.0,2.83
B1,2023-03-17 16:35:45,3.21,6.12,2.91
B2,2023-03-17 16:35:54,3.36,6.1,2.74
A1,2023-03-20 11:14:20,3.21,5.72,2.51
A2,2023-03-20 11:14:30,3.34,6.24,2.9
A3,2023-03-20 11:14:39,3.21,6.14,2.93
A4,2023-03-20 11:14:48,3.24,5.76,2.52
A5,2023-03-20 11:14:56,3.26,6.19,2.93
A6,2023-03-20 11:15:03,3.17,5.92,2.75
B1,2023-03-20 11:15:15,3.21,6.04,2.83
B2,2023-03-20 11:15:24,3.36,6.01,2.65
B3,2023-03-20 15:34:25,3.33,6.86,3.53
B4,2023-03-20 15:41:34,3.43,6.46,3.03
B5,2023-03-20 15:49:28,3.24,6.33,3.09
B3,2023-03-21 09:54:50,3.33,6.67,3.34
B4,2023-03-21 09:55:00,3.43,6.31,2.88
B5,2023-03-21 09:55:11,3.24,6.16,2.92
B3,2023-03-22 09:37:49,3.33,6.54,3.21
B4,2023-03-22 09:37:56,3.43,6.23,2.8
B5,2023-03-22 09:38:03,3.24,6.07,2.83
B3,2023-03-23 09:55:13,3.33,6.5,3.17
B4,2023-03-23 09:55:21,3.43,6.21,2.78
B5,2023-03-23 09:55:30,3.24,6.07,2.83
B3,2023-03-24 10:04:13,3.33,6.48,3.15
B4,2023-03-24 10:04:24,3.43,6.2,2.77
B5,2023-03-24 10:04:35,3.24,6.03,2.79
B6,2023-03-24 11:34:13,3.08,6.44,3.3600000000000003
C1,2023-03-24 11:42:22,3.17,6.54,3.37
C2,2023-03-24 11:50:39,3.23,6.59,3.36
B6,2023-03-24 16:54:45,3.08,6.36,3.28
C1,2023-03-24 16:54:54,3.17,6.47,3.3
C2,2023-03-24 16:55:04,3.23,6.51,3.28
B6,2023-03-27 08:32:41,3.08,6.1,3.02
C1,2023-03-27 08:32:50,3.17,6.17,3.0
C2,2023-03-27 08:32:57,3.23,6.21,2.98
B6,2023-03-30 10:32:05,3.08,6.04,2.96
C1,2023-03-30 10:32:13,3.17,6.09,2.92
C2,2023-03-30 10:32:20,3.23,6.15,2.92
C3,2023-03-30 12:41:43,3.06,6.64,3.58
C4,2023-03-30 12:49:12,3.17,6.58,3.41
C5,2023-03-30 12:54:43,3.18,6.69,3.51
C3,2023-03-31 14:11:46,3.06,6.38,3.32
C4,2023-03-31 14:11:54,3.17,6.35,3.18
C5,2023-03-31 14:12:04,3.18,6.42,3.24
C3,2023-04-04 10:10:19,3.06,6.16,3.1
C4,2023-04-04 10:10:25,3.17,6.11,2.94
C5,2023-04-04 10:10:33,3.18,6.21,3.03
C3,2023-04-04 16:16:08,3.06,6.16,3.1
C4,2023-04-04 16:16:17,3.17,6.12,2.95
C5,2023-04-04 16:16:26,3.18,6.21,3.03
C6,2023-04-05 11:05:13,3.13,6.34,3.21
D1,2023-04-05 11:13:20,3.09,6.31,3.22
D2,2023-04-05 11:21:12,3.17,6.28,3.1100000000000003
C6,2023-04-06 11:05:13,3.13,6.12,2.99
D1,2023-04-06 11:13:20,3.09,6.08,2.99
D2,2023-04-06 11:21:12,3.17,6.06,2.89
C6,2023-04-11 10:40:56,3.13,5.94,2.81
D1,2023-04-11 10:41:07,3.09,5.87,2.78
D2,2023-04-11 10:41:15,3.17,5.88,2.71
D3,2023-04-21 11:01:50,3.33,6.57,3.24
D4,2023-04-21 11:09:58,3.12,6.26,3.14
D5,2023-04-21 11:17:34,3.3,6.43,3.13
D3,2023-04-21 16:49:34,3.33,6.38,3.05
D4,2023-04-21 16:49:41,3.12,6.12,3.0
D5,2023-04-21 16:49:48,3.3,6.28,2.98
D3,2023-04-24 09:03:08,3.33,6.11,2.78
D4,2023-04-24 09:03:17,3.12,5.88,2.76
D5,2023-04-24 09:03:24,3.3,6.02,2.72
D3,2023-04-24 15:13:04,3.33,6.09,2.76
D4,2023-04-24 15:13:19,3.12,5.86,2.74
D5,2023-04-24 15:13:34,3.3,6.0,2.7
D3,2023-04-25 09:16:18,3.33,6.08,2.75
D4,2023-04-25 09:16:28,3.12,5.86,2.74
D5,2023-04-25 09:16:42,3.3,6.0,2.7
D6,2023-04-25 13:57:54,3.16,6.34,3.18
E1,2023-04-25 14:15:41,3.08,6.29,3.21
E2,2023-04-25 14:21:59,3.13,6.29,3.16
D6,2023-04-26 09:32:15,3.16,6.14,2.98
E1,2023-04-26 09:32:24,3.08,6.08,3.0
E2,2023-04-26 09:32:35,3.13,6.08,2.95
D6,2023-04-27 09:51:05,3.16,6.05,2.89
E1,2023-04-27 09:51:15,3.08,6.01,2.93
E2,2023-04-27 09:51:26,3.13,5.99,2.86
D6,2023-04-28 09:19:25,3.16,6.04,2.88
E1,2023-04-28 09:19:32,3.08,5.98,2.9
E2,2023-04-28 09:19:41,3.13,5.95,2.82
D6,2023-05-02 16:48:51,3.16,5.97,2.81
E1,2023-05-02 16:48:59,3.08,5.9,2.82
E2,2023-05-02 16:49:08,3.13,5.88,2.75
D6,2023-05-03 09:23:07,3.16,5.96,2.8
E1,2023-05-03 09:23:16,3.08,5.89,2.81
E2,2023-05-03 09:23:25,3.13,5.86,2.73
E3,2023-05-04 13:07:50,3.29,6.09,2.8
E4,2023-05-04 13:14:41,3.19,6.44,3.2500000000000004
E5,2023-05-04 13:21:39,3.24,6.72,3.4799999999999995
E3,2023-05-04 13:07:50,3.29,6.09,2.8
E4,2023-05-04 13:14:41,3.19,6.44,3.2500000000000004
E5,2023-05-04 13:21:39,3.24,6.72,3.4799999999999995
E3,2023-05-05 08:24:14,3.29,5.82,2.53
E4,2023-05-05 08:24:22,3.19,6.09,2.9
E5,2023-05-05 08:24:31,3.24,6.22,2.98
E3,2023-05-09 16:47:22,3.29,5.63,2.34
E4,2023-05-09 16:47:30,3.19,5.88,2.69
E5,2023-05-09 16:47:39,3.24,6.0,2.76
E3,2023-05-10 08:37:43,3.29,5.6,2.31
E4,2023-05-10 08:37:57,3.19,5.86,2.67
E5,2023-05-10 08:38:08,3.24,5.98,2.74
